"Status","Start Time","Stop Time","Duration in ms","Parent Suite","Suite","Sub Suite","Test Class","Test Method","Name","Description"
"passed","Wed Apr 22 14:21:06 UTC 2026","Wed Apr 22 14:21:06 UTC 2026","7","","fr.afpa.cda19.harmogestionapi.controllers.InstrumentControllerTest","","fr.afpa.cda19.harmogestionapi.controllers.InstrumentControllerTest","createInstrumentTestKo","createInstrumentTestKo(String) [2] libelle = """"",""
"passed","Wed Apr 22 14:21:06 UTC 2026","Wed Apr 22 14:21:06 UTC 2026","15","","fr.afpa.cda19.harmogestionapi.controllers.InstrumentControllerTest","","fr.afpa.cda19.harmogestionapi.controllers.InstrumentControllerTest","createInstrumentTestKo","createInstrumentTestKo(String) [1] libelle = null",""
"passed","Wed Apr 22 14:21:06 UTC 2026","Wed Apr 22 14:21:06 UTC 2026","8","","fr.afpa.cda19.harmogestionapi.controllers.InstrumentControllerTest","","fr.afpa.cda19.harmogestionapi.controllers.InstrumentControllerTest","createInstrumentTestKo","createInstrumentTestKo(String) [4] libelle = ""br""",""
"passed","Wed Apr 22 14:21:06 UTC 2026","Wed Apr 22 14:21:06 UTC 2026","18","","fr.afpa.cda19.harmogestionapi.controllers.InstrumentControllerTest","","fr.afpa.cda19.harmogestionapi.controllers.InstrumentControllerTest","updateInstrumentTest","updateInstrumentTest()",""
"passed","Wed Apr 22 14:21:06 UTC 2026","Wed Apr 22 14:21:06 UTC 2026","8","","fr.afpa.cda19.harmogestionapi.controllers.InstrumentControllerTest","","fr.afpa.cda19.harmogestionapi.controllers.InstrumentControllerTest","createInstrumentTestOk","createInstrumentTestOk(String) [2] libelle = ""clarinette""",""
"passed","Wed Apr 22 14:21:05 UTC 2026","Wed Apr 22 14:21:05 UTC 2026","147","","fr.afpa.cda19.harmogestionapi.controllers.CoursControllerTest","","fr.afpa.cda19.harmogestionapi.controllers.CoursControllerTest","deleteCoursTest","deleteCoursTest()",""
"passed","Wed Apr 22 14:21:05 UTC 2026","Wed Apr 22 14:21:05 UTC 2026","12","","fr.afpa.cda19.harmogestionapi.controllers.CoursControllerTest","","fr.afpa.cda19.harmogestionapi.controllers.CoursControllerTest","createCoursTestOk","createCoursTestOk()",""
"passed","Wed Apr 22 14:21:05 UTC 2026","Wed Apr 22 14:21:05 UTC 2026","7","","fr.afpa.cda19.harmogestionapi.controllers.CoursControllerTest","","fr.afpa.cda19.harmogestionapi.controllers.CoursControllerTest","getCoursTest","getCoursTest()",""
"passed","Wed Apr 22 14:21:05 UTC 2026","Wed Apr 22 14:21:05 UTC 2026","12","","fr.afpa.cda19.harmogestionapi.controllers.CoursControllerTest","","fr.afpa.cda19.harmogestionapi.controllers.CoursControllerTest","createCoursTestKo","createCoursTestKo()",""
"passed","Wed Apr 22 14:21:06 UTC 2026","Wed Apr 22 14:21:06 UTC 2026","7","","fr.afpa.cda19.harmogestionapi.controllers.InstrumentControllerTest","","fr.afpa.cda19.harmogestionapi.controllers.InstrumentControllerTest","getInstrumentTestKo","getInstrumentTestKo()",""
"passed","Wed Apr 22 14:21:05 UTC 2026","Wed Apr 22 14:21:05 UTC 2026","10","","fr.afpa.cda19.harmogestionapi.controllers.CoursControllerTest","","fr.afpa.cda19.harmogestionapi.controllers.CoursControllerTest","getAllCoursTest","getAllCoursTest()",""
"passed","Wed Apr 22 14:21:06 UTC 2026","Wed Apr 22 14:21:06 UTC 2026","7","","fr.afpa.cda19.harmogestionapi.controllers.InstrumentControllerTest","","fr.afpa.cda19.harmogestionapi.controllers.InstrumentControllerTest","createInstrumentTestKo","createInstrumentTestKo(String) [5] libelle = ""abcdefghijklmnopqrstuvwxyzabcdefghijklmnopqrstuvwxyz""",""
"passed","Wed Apr 22 14:21:05 UTC 2026","Wed Apr 22 14:21:05 UTC 2026","135","","fr.afpa.cda19.harmogestionapi.controllers.CoursControllerTest","","fr.afpa.cda19.harmogestionapi.controllers.CoursControllerTest","updateCoursTest","updateCoursTest()",""
"passed","Wed Apr 22 14:21:06 UTC 2026","Wed Apr 22 14:21:06 UTC 2026","7","","fr.afpa.cda19.harmogestionapi.controllers.InstrumentControllerTest","","fr.afpa.cda19.harmogestionapi.controllers.InstrumentControllerTest","deleteInstrumentTest","deleteInstrumentTest()",""
"passed","Wed Apr 22 14:21:06 UTC 2026","Wed Apr 22 14:21:06 UTC 2026","8","","fr.afpa.cda19.harmogestionapi.controllers.InstrumentControllerTest","","fr.afpa.cda19.harmogestionapi.controllers.InstrumentControllerTest","createInstrumentTestKo","createInstrumentTestKo(String) [3] libelle = ""a""",""
"passed","Wed Apr 22 14:21:06 UTC 2026","Wed Apr 22 14:21:06 UTC 2026","8","","fr.afpa.cda19.harmogestionapi.controllers.InstrumentControllerTest","","fr.afpa.cda19.harmogestionapi.controllers.InstrumentControllerTest","createInstrumentTestOk","createInstrumentTestOk(String) [1] libelle = ""tria""",""
"passed","Wed Apr 22 14:21:06 UTC 2026","Wed Apr 22 14:21:06 UTC 2026","13","","fr.afpa.cda19.harmogestionapi.controllers.InstrumentControllerTest","","fr.afpa.cda19.harmogestionapi.controllers.InstrumentControllerTest","getInstrumentsTest","getInstrumentsTest()",""
